model,count,mean,std,median,min,max
Baseline,163,0.8140490797546012,0.287669730975503,0.92,0.0,1.0
VIOLETS,163,0.9511042944785276,0.07948139105887293,1.0,0.65,1.0
