model,count,mean,std,median,min,max
Baseline,250,69.568,18.539802401653848,70.0,0,100
VIOLETS,250,74.868,21.387479353406043,80.0,0,100
