category,contrast,estimate,ci_low,ci_high,p_value,n_rows,n_conversations
procedural,VIOLETS - Baseline,7.420000000000068,-0.11621512885002616,14.956215128850163,0.053634715001743105,100,10
eligibility,VIOLETS - Baseline,-2.2400000000000064,-9.776215128850126,5.296215128850113,0.560180379797407,100,10
mail_in,VIOLETS - Baseline,3.939999999999989,-3.5962151288501287,11.476215128850107,0.3055022354883159,100,10
results_integrity,VIOLETS - Baseline,5.2399999999999896,-2.296215128850127,12.776215128850106,0.1729436259951571,100,10
edge_cases,VIOLETS - Baseline,12.139999999999986,4.603784871149868,19.676215128850103,0.0015921511208485395,100,10
