turn,contrast,estimate,ci_low,ci_high,p_value,n_rows,n_conversations
0,VIOLETS - Baseline,4.240000000000704,-3.316967862605644,11.796967862607051,0.2714627139536616,100,50
1,VIOLETS - Baseline,4.340000000000006,-3.216967862606422,11.896967862606434,0.2603193477338972,100,50
2,VIOLETS - Baseline,8.300000000000004,0.743032137393576,15.856967862606432,0.03134106383605495,100,50
3,VIOLETS - Baseline,5.519999999999988,-2.0369678626064385,13.076967862606415,0.152233897723137,100,50
4,VIOLETS - Baseline,4.099999999999988,-3.45696786260644,11.656967862606416,0.2876053690639804,100,50
