turn_str,model,count,mean,std,median
0,Baseline,50,71.98,20.841961206632533,80.0
0,VIOLETS,50,76.22,20.334237740564454,80.0
1,Baseline,50,71.76,18.052711933758467,72.5
1,VIOLETS,50,76.1,21.02598004219289,85.0
2,Baseline,50,68.58,18.844248838457695,62.5
2,VIOLETS,50,76.88,22.158648746837304,85.0
3,Baseline,50,67.54,18.749922448819213,70.0
3,VIOLETS,50,73.06,20.350409914138567,80.0
4,Baseline,50,67.98,16.159271048420678,67.5
4,VIOLETS,50,72.08,23.343783859904956,77.5
